,title,algo,ovlp-P,ovlp-R,ovlp-F,sovl-P,sovl-R,sovl-F,dtct-P,dtct-R,dtct-F
0,08 Woman Like You,seqRecur,0.8712937257079401,0.8917935894521483,0.8814244790203899,0.8712937257079401,0.8917935894521483,0.8814244790203899,0.6,1.0,0.7499999999999999
1,05 レプリカ,seqRecur,0.9989641905889313,0.8091813496344246,0.8941129726508179,0.9989641905889313,0.8091813496344246,0.8941129726508179,0.3333333333333333,0.3333333333333333,0.3333333333333333
2,06 Angel Baby,seqRecur,0.8914943508846725,0.8712499999999995,0.8812559266673686,0.8914943508846725,0.8712499999999995,0.8812559266673686,0.5,0.6666666666666666,0.5714285714285715
3,15 出会えたから,seqRecur,0.7575720113734701,1.0,0.8620665400576774,0.7575720113734701,1.0,0.8620665400576774,0.6666666666666666,0.6666666666666666,0.6666666666666666
4,11 遠い街へ,seqRecur,0.8671447196870926,0.9071194762684124,0.8866817757632316,0.8671447196870926,0.9071194762684124,0.8866817757632316,0.0,0.0,0.0
5,13 キャッチボール,seqRecur,0.9131007241606321,0.9107879924953094,0.9119428920302447,0.9131007241606321,0.9107879924953094,0.9119428920302447,0.5,0.6666666666666666,0.5714285714285715
6,05 恋のVer.2.4,seqRecur,0.9268569268569268,0.8898566503356923,0.9079800037030179,0.7440937440937443,0.7143894030121577,0.7289390853545642,0.5,0.75,0.6
7,06 見上げた空は,seqRecur,0.7508362715848474,1.0,0.8576887328307341,0.45881927492993374,1.0,0.6290282597917697,0.3333333333333333,0.25,0.28571428571428575
8,09 Non Stop Driving,seqRecur,0.9451258876694644,0.9150000000000004,0.9298189901556053,0.9451258876694644,0.9150000000000004,0.9298189901556053,1.0,1.0,1.0
9,07 月のように,seqRecur,0.946705193033149,0.860007291286912,0.9012760754947658,0.946705193033149,0.860007291286912,0.9012760754947658,0.6,0.75,0.6666666666666665
10,07 PROLOGUE,seqRecur,0.9228504122497057,0.9755135920315414,0.9484515282961766,0.9228504122497057,0.9755135920315414,0.9484515282961766,0.3333333333333333,0.3333333333333333,0.3333333333333333
11,05 Feel,seqRecur,0.7583129408377717,1.0,0.8625460499386,0.7583129408377717,1.0,0.8625460499386,1.0,1.0,1.0
12,12 誓い,seqRecur,0.928818862442731,0.8506805854057927,0.8880341880341881,0.6225276567214213,0.5701565858151674,0.5951923076923077,0.5,0.6666666666666666,0.5714285714285715
13,07 First Love,seqRecur,0.9230882137090858,0.7835783702965364,0.8476312419974392,0.9230882137090858,0.7835783702965364,0.8476312419974392,0.6666666666666666,0.6666666666666666,0.6666666666666666
14,15 Moving Round and Round,seqRecur,0.7441547518923465,0.9905956112852664,0.8498703294592257,0.7441547518923465,0.9905956112852664,0.8498703294592257,1.0,1.0,1.0
15,04 ときめきの瞬間,seqRecur,0.7009075576258934,1.0,0.8241571442062517,0.7009075576258934,1.0,0.8241571442062517,0.0,0.0,0.0
16,01 How Deep Is Your Love-,seqRecur,0.558553696708041,0.957193816884661,0.7054527750730283,0.558553696708041,0.957193816884661,0.7054527750730283,0.75,1.0,0.8571428571428571
17,13 愛してる,seqRecur,0.9702871765709411,0.70353571796722,0.8156558111741858,0.9702871765709411,0.70353571796722,0.8156558111741858,0.5,1.0,0.6666666666666666
18,02 ミセスマリル,seqRecur,0.6755043973098813,0.8858548168249663,0.7665101262107429,0.6509311950336267,0.8536295793758482,0.7386263574992664,0.2,0.25,0.22222222222222224
19,04 Life,seqRecur,1.0,0.7853069884630686,0.8797444848844983,1.0,0.7853069884630686,0.8797444848844983,0.6666666666666666,1.0,0.8
20,10 Don't Say Good bye,seqRecur,0.7383515631728531,0.90223110924016,0.8121062852271113,0.7383515631728531,0.90223110924016,0.8121062852271113,0.2,0.3333333333333333,0.25
21,15 Together,seqRecur,0.9450588028787079,0.8784467286669925,0.9105361068831386,0.9450588028787079,0.8784467286669925,0.9105361068831386,0.4,1.0,0.5714285714285715
22,06 1999,seqRecur,0.9967228464419478,0.8447574645372486,0.9144697986577185,0.9967228464419478,0.8447574645372486,0.9144697986577185,1.0,1.0,1.0
23,06 Weekend,seqRecur,0.979286694101509,0.793222222222222,0.8764886433394721,0.979286694101509,0.793222222222222,0.8764886433394721,1.0,1.0,1.0
24,11 天使のうたたね,seqRecur,0.9770330781453129,0.8786317384715306,0.9252234178369507,0.9770330781453129,0.8786317384715306,0.9252234178369507,1.0,1.0,1.0
25,01 Change Of Heart,seqRecur,0.8657812242204257,0.8889547687616464,0.8772149782681377,0.8657812242204257,0.8889547687616464,0.8772149782681377,0.5,1.0,0.6666666666666666
26,09 Miss Maria,seqRecur,0.792200232828871,0.6924446705672855,0.7389710872811186,0.5890570430733412,0.7725190839694657,0.6684280052840159,0.0,0.0,0.0
27,16 Game of Love,seqRecur,0.4862554862554864,0.898996369848388,0.6311370961697027,0.4862554862554864,0.898996369848388,0.6311370961697027,1.0,1.0,1.0
28,16 So Long,seqRecur,0.8061867761325323,0.9400000000000002,0.8679662220819196,0.8061867761325323,0.9400000000000002,0.8679662220819196,0.5,1.0,0.6666666666666666
29,02 True Heart,seqRecur,0.8449777433713952,0.8490034030140982,0.846985789805519,0.8449777433713952,0.8490034030140982,0.846985789805519,0.2857142857142857,1.0,0.4444444444444445
30,08 人生こんなもの,seqRecur,0.9243338085316372,0.9195941523019856,0.9219578889800383,0.9243338085316372,0.9195941523019856,0.9219578889800383,1.0,1.0,1.0
31,16 小動物,seqRecur,0.9200857755539673,0.9729402872260017,0.945775165319618,0.9200857755539673,0.9729402872260017,0.945775165319618,1.0,1.0,1.0
32,11 言えない,seqRecur,0.8336021250355755,0.998636208660075,0.9086866597724923,0.8336021250355755,0.998636208660075,0.9086866597724923,1.0,1.0,1.0
33,02 Once in a life time,seqRecur,0.801526110802003,0.9065084501977708,0.8507909723686986,0.801526110802003,0.9065084501977708,0.8507909723686986,0.6666666666666666,0.6666666666666666,0.6666666666666666
34,09 Once and For All,seqRecur,0.9413292920545571,0.8019181113980078,0.866049198287023,0.9413292920545571,0.8019181113980078,0.866049198287023,0.3333333333333333,0.6666666666666666,0.4444444444444444
35,10 Getting Over,seqRecur,0.8943407585791682,0.9310560952679405,0.9123291877782889,0.8943407585791682,0.9310560952679405,0.9123291877782889,1.0,1.0,1.0
36,14 Be with me Now,seqRecur,0.9302034428794991,0.345903165735568,0.5042843810978196,0.9302034428794991,0.8360056258790436,0.8805925925925925,0.5,0.3333333333333333,0.4
37,14 雲,seqRecur,0.8598685058656697,0.8507653061224488,0.8552926844906069,0.8598685058656697,0.8507653061224488,0.8552926844906069,0.75,1.0,0.8571428571428571
38,08 I've got a mail,seqRecur,0.6692005242463959,0.8801930701603171,0.7603305785123966,0.6692005242463959,0.8801930701603171,0.7603305785123966,0.3333333333333333,0.6666666666666666,0.4444444444444444
39,04 Spice of Life,seqRecur,0.6974622184203022,0.5476936856247202,0.6135708014549104,0.6974622184203022,0.5476936856247202,0.6135708014549104,0.0,0.0,0.0
40,07 Don't Lie To Me,seqRecur,0.8273622459668972,0.9668258048720773,0.8916737228337568,0.8273622459668972,0.9668258048720773,0.8916737228337568,1.0,1.0,1.0
41,08 31 BLUES,seqRecur,0.7775506411447691,0.8013790461597396,0.7892850405583854,0.7775506411447691,0.8013790461597396,0.7892850405583854,0.0,0.0,0.0
42,08 promise,seqRecur,0.8685253118121788,0.940419447092469,0.9030437104279502,0.8685253118121788,0.940419447092469,0.9030437104279502,0.6666666666666666,0.6666666666666666,0.6666666666666666
43,05 Feeling In My Heart,seqRecur,0.9859011223448658,0.9042109740535941,0.9432907348242809,0.9859011223448658,0.9042109740535941,0.9432907348242809,1.0,1.0,1.0
44,10 シルバーシューズ,seqRecur,1.0,0.8432890855457226,0.9149829965993198,1.0,0.8432890855457226,0.9149829965993198,0.6666666666666666,1.0,0.8
45,12 Fly away,seqRecur,0.7218747246938594,0.9055144214830367,0.8033333333333331,0.7218747246938594,0.9055144214830367,0.8033333333333331,0.5714285714285714,1.0,0.7272727272727273
46,02 I'll be there for you,seqRecur,0.8806764797995614,0.9373333333333332,0.9081220733085741,0.8806764797995614,0.9373333333333332,0.9081220733085741,0.0,0.0,0.0
47,03 COOL Motion,seqRecur,0.6516676879978989,0.8398961976757308,0.7339051562654046,0.6516676879978989,0.8398961976757308,0.7339051562654046,0.8,1.0,0.888888888888889
48,16 what could I do for you,seqRecur,1.0,0.8405934343434346,0.9133939290001716,1.0,0.8405934343434346,0.9133939290001716,1.0,1.0,1.0
49,06 遥かな想い,seqRecur,0.9251074892510747,0.9838366652488302,0.9535686678691058,0.9251074892510747,0.9838366652488302,0.9535686678691058,1.0,1.0,1.0
50,09 Stay with me,seqRecur,0.5662164260208042,0.8637063351095323,0.6840155671214893,0.5662164260208042,0.8637063351095323,0.6840155671214893,0.2857142857142857,0.6666666666666666,0.4
51,03 淫らな神の申し子,seqRecur,0.8347025961222476,1.0,0.9099050689593408,0.8347025961222476,1.0,0.9099050689593408,0.3333333333333333,0.3333333333333333,0.3333333333333333
52,03 Doing That Thing,seqRecur,0.9272770063544364,0.9572400388726928,0.9420203227734613,0.9272770063544364,0.9572400388726928,0.9420203227734613,1.0,1.0,1.0
53,10 きみの色,seqRecur,0.792789126719297,0.9599881738444862,0.8684140144423645,0.792789126719297,0.9599881738444862,0.8684140144423645,0.4,0.4,0.4000000000000001
54,08 it's all right,seqRecur,0.9658899020601147,0.6743692525347794,0.7942238267148013,0.9658899020601147,0.6743692525347794,0.7942238267148013,0.2,0.25,0.22222222222222224
55,14 線路はつづくよ,seqRecur,0.9748181309457192,0.720927024417161,0.8288659793814434,0.9748181309457192,0.720927024417161,0.8288659793814434,0.6666666666666666,0.6666666666666666,0.6666666666666666
56,07 SPUL,seqRecur,0.9258236136689174,0.8404383765208508,0.8810671340246335,0.9258236136689174,0.8404383765208508,0.8810671340246335,1.0,1.0,1.0
57,04 春がくるから,seqRecur,0.8949859299053465,0.9832771219786397,0.9370563814115441,0.8949859299053465,0.9832771219786397,0.9370563814115441,1.0,1.0,1.0
58,09 慟哭,seqRecur,0.8973368058472652,0.973655423883318,0.9339395794167794,0.8973368058472652,0.973655423883318,0.9339395794167794,1.0,1.0,1.0
59,03 HORO,seqRecur,0.9226964224088346,0.6653118779031186,0.7731456937683743,0.9226964224088346,0.6653118779031186,0.7731456937683743,0.42857142857142855,1.0,0.6
60,01 世界の見方,seqRecur,0.998162006039123,0.9476505047987035,0.9722506393861893,0.998162006039123,0.9476505047987035,0.9722506393861893,1.0,1.0,1.0
61,07 I think of you,seqRecur,0.7262056147901789,0.7278431372549019,0.727023453948979,0.7262056147901789,0.7278431372549019,0.727023453948979,0.0,0.0,0.0
62,13 はじまり,seqRecur,0.8949296097058485,0.9838932930665656,0.9373052025893067,0.8949296097058485,0.9838932930665656,0.9373052025893067,1.0,1.0,1.0
63,15 Power of mind,seqRecur,0.955667208511896,0.7462497115162706,0.8380742564634226,0.955667208511896,0.7462497115162706,0.8380742564634226,0.0,0.0,0.0
64,10 青空散歩道,seqRecur,1.0,0.7932949403537637,0.8847344878999884,1.0,0.7932949403537637,0.8847344878999884,1.0,1.0,1.0
65,02 Magic in your eyes,seqRecur,0.7539999999999992,0.5236111111111109,0.6180327868852455,0.7539999999999992,0.5236111111111109,0.6180327868852455,0.0,0.0,0.0
66,01 たなばた,seqRecur,0.8452129266082754,0.5495336278841434,0.6660320104718273,0.8452129266082754,0.5495336278841434,0.6660320104718273,0.2,0.25,0.22222222222222224
67,13 FOR YOU,seqRecur,0.6998056663598241,0.7149425287356324,0.7072931203804207,0.620231154750946,0.6336468129571579,0.6268672145552281,0.42857142857142855,0.75,0.5454545454545454
68,11 stay,seqRecur,0.8827249728948322,0.9615195354787915,0.9204390220924209,0.8827249728948322,0.9615195354787915,0.9204390220924209,0.0,0.0,0.0
69,01 永遠のレプリカ,seqRecur,0.9094149094149098,0.9567255116388066,0.9324704986676821,0.9094149094149098,0.9567255116388066,0.9324704986676821,1.0,1.0,1.0
70,11 センチメートルの孤独,seqRecur,0.8233532934131734,0.9729691480328333,0.8919304618578099,0.8233532934131734,0.9729691480328333,0.8919304618578099,1.0,1.0,1.0
71,12 曇り空,seqRecur,0.8819156293222681,0.9522120589882397,0.9157167220177721,0.8819156293222681,0.9522120589882397,0.9157167220177721,0.6666666666666666,1.0,0.8
72,03 時計のはやさは,seqRecur,0.9673832468495183,0.4785478547854785,0.640333660451423,0.9673832468495183,0.4785478547854785,0.640333660451423,0.0,0.0,0.0
73,03 戻らない夏,seqRecur,0.96288946219488,0.8762076749435664,0.9175057911407364,0.96288946219488,0.8762076749435664,0.9175057911407364,1.0,1.0,1.0
74,12 REALな５分,seqRecur,0.8015072818005906,0.883971694934292,0.8407221450699712,0.8015072818005906,0.883971694934292,0.8407221450699712,0.2,0.3333333333333333,0.25
75,01 あなたと逢えて,seqRecur,0.7429325292122126,0.7526731160896133,0.7477711033828645,0.7429325292122126,0.7526731160896133,0.7477711033828645,1.0,1.0,1.0
76,13 One Two STEP,seqRecur,1.0,0.788943391223651,0.8820216392470727,1.0,0.788943391223651,0.8820216392470727,0.5,0.5,0.5
77,05 Waiting for the moment,seqRecur,1.0,0.9186659860473027,0.9576090812344801,1.0,0.9186659860473027,0.9576090812344801,1.0,1.0,1.0
78,05 明日は,seqRecur,0.8349039285277199,0.8155409444112374,0.8251088534107401,0.8349039285277199,0.8155409444112374,0.8251088534107401,0.4,1.0,0.5714285714285715
79,02 もうすぐ夏がくる,seqRecur,1.0,0.6782109637838908,0.808254716981132,1.0,0.9042216358839049,0.9497020922821117,0.6666666666666666,0.5,0.5714285714285715
80,08 Woman Like You,seqRecur+,0.9174138148756157,0.825755853603092,0.8691750912245023,0.9174138148756157,0.825755853603092,0.8691750912245023,0.6,1.0,0.7499999999999999
81,05 レプリカ,seqRecur+,0.9989641905889313,0.8091813496344246,0.8941129726508179,0.9989641905889313,0.8091813496344246,0.8941129726508179,0.3333333333333333,0.3333333333333333,0.3333333333333333
82,06 Angel Baby,seqRecur+,0.8914943508846725,0.8712499999999995,0.8812559266673686,0.8914943508846725,0.8712499999999995,0.8812559266673686,0.5,0.6666666666666666,0.5714285714285715
83,15 出会えたから,seqRecur+,0.7575720113734701,1.0,0.8620665400576774,0.7575720113734701,1.0,0.8620665400576774,0.6666666666666666,0.6666666666666666,0.6666666666666666
84,11 遠い街へ,seqRecur+,0.8671447196870926,0.9071194762684124,0.8866817757632316,0.8671447196870926,0.9071194762684124,0.8866817757632316,0.0,0.0,0.0
85,13 キャッチボール,seqRecur+,0.9682415212703394,0.926641651031895,0.9469849487105744,0.9682415212703394,0.926641651031895,0.9469849487105744,0.6666666666666666,0.6666666666666666,0.6666666666666666
86,05 恋のVer.2.4,seqRecur+,0.9384844242212109,0.9730538922155689,0.955456570155902,0.845817290864543,0.979728360024326,0.9078613693998309,1.0,0.75,0.8571428571428571
87,06 見上げた空は,seqRecur+,0.7556869881710643,1.0,0.8608447784400101,0.4617834394904456,1.0,0.6318082788671021,0.3333333333333333,0.25,0.28571428571428575
88,09 Non Stop Driving,seqRecur+,0.9396592522479889,0.8272916666666665,0.8799025038776866,0.9396592522479889,0.8272916666666665,0.8799025038776866,1.0,1.0,1.0
89,07 月のように,seqRecur+,0.9641157085316737,0.7679183375865842,0.8549048256828607,0.9641157085316737,0.7679183375865842,0.8549048256828607,0.6,0.75,0.6666666666666665
90,07 PROLOGUE,seqRecur+,0.9228504122497057,0.9755135920315414,0.9484515282961766,0.9228504122497057,0.9755135920315414,0.9484515282961766,0.3333333333333333,0.3333333333333333,0.3333333333333333
91,05 Feel,seqRecur+,0.7583129408377717,1.0,0.8625460499386,0.7583129408377717,1.0,0.8625460499386,1.0,1.0,1.0
92,12 誓い,seqRecur+,0.928818862442731,0.8506805854057927,0.8880341880341881,0.6225276567214213,0.5701565858151674,0.5951923076923077,0.5,0.6666666666666666,0.5714285714285715
93,07 First Love,seqRecur+,0.9230882137090858,0.7835783702965364,0.8476312419974392,0.9230882137090858,0.7835783702965364,0.8476312419974392,0.6666666666666666,0.6666666666666666,0.6666666666666666
94,15 Moving Round and Round,seqRecur+,0.7441547518923465,0.9905956112852664,0.8498703294592257,0.7441547518923465,0.9905956112852664,0.8498703294592257,1.0,1.0,1.0
95,04 ときめきの瞬間,seqRecur+,0.7566955865711054,0.919445399335396,0.830169158346697,0.7566955865711054,0.919445399335396,0.830169158346697,0.0,0.0,0.0
96,01 How Deep Is Your Love-,seqRecur+,0.644775002338853,0.9105562161448012,0.7549567312958704,0.644775002338853,0.9105562161448012,0.7549567312958704,0.75,1.0,0.8571428571428571
97,13 愛してる,seqRecur+,0.9702871765709411,0.70353571796722,0.8156558111741858,0.9702871765709411,0.70353571796722,0.8156558111741858,0.5,1.0,0.6666666666666666
98,02 ミセスマリル,seqRecur+,0.7290339702760087,0.9318181818181821,0.818046456223943,0.7038216560509556,0.899592944369064,0.7897558070279931,0.25,0.25,0.25
99,04 Life,seqRecur+,1.0,0.7853069884630686,0.8797444848844983,1.0,0.7853069884630686,0.8797444848844983,0.6666666666666666,1.0,0.8
100,10 Don't Say Good bye,seqRecur+,0.7383515631728531,0.90223110924016,0.8121062852271113,0.7383515631728531,0.90223110924016,0.8121062852271113,0.2,0.3333333333333333,0.25
101,15 Together,seqRecur+,0.9443654461429077,0.8668624571708267,0.9039557635048912,0.9443654461429077,0.8668624571708267,0.9039557635048912,0.4,1.0,0.5714285714285715
102,06 1999,seqRecur+,0.9967228464419478,0.8447574645372486,0.9144697986577185,0.9967228464419478,0.8447574645372486,0.9144697986577185,1.0,1.0,1.0
103,06 Weekend,seqRecur+,0.979286694101509,0.793222222222222,0.8764886433394721,0.979286694101509,0.793222222222222,0.8764886433394721,1.0,1.0,1.0
104,11 天使のうたたね,seqRecur+,0.9770330781453129,0.8786317384715306,0.9252234178369507,0.9770330781453129,0.8786317384715306,0.9252234178369507,1.0,1.0,1.0
105,01 Change Of Heart,seqRecur+,0.9944970071442364,0.8725224462137895,0.9295253564338567,0.9944970071442364,0.8725224462137895,0.9295253564338567,0.5,1.0,0.6666666666666666
106,09 Miss Maria,seqRecur+,0.792200232828871,0.6924446705672855,0.7389710872811186,0.5890570430733412,0.7725190839694657,0.6684280052840159,0.0,0.0,0.0
107,16 Game of Love,seqRecur+,0.0,0.0,0.0,0.0,0.0,0.0,0.0,0.0,0.0
108,16 So Long,seqRecur+,0.8579912795068413,0.9754700854700855,0.9129669626429888,0.8579912795068413,0.9754700854700855,0.9129669626429888,1.0,1.0,1.0
109,02 True Heart,seqRecur+,0.9773789294817331,0.8947982498784638,0.9342672960763412,0.9773789294817331,0.8947982498784638,0.9342672960763412,0.4,1.0,0.5714285714285715
110,08 人生こんなもの,seqRecur+,0.9243338085316372,0.9195941523019856,0.9219578889800383,0.9243338085316372,0.9195941523019856,0.9219578889800383,1.0,1.0,1.0
111,16 小動物,seqRecur+,0.9200857755539673,0.9729402872260017,0.945775165319618,0.9200857755539673,0.9729402872260017,0.945775165319618,1.0,1.0,1.0
112,11 言えない,seqRecur+,0.8336021250355755,0.998636208660075,0.9086866597724923,0.8336021250355755,0.998636208660075,0.9086866597724923,1.0,1.0,1.0
113,02 Once in a life time,seqRecur+,0.801526110802003,0.9065084501977708,0.8507909723686986,0.801526110802003,0.9065084501977708,0.8507909723686986,0.6666666666666666,0.6666666666666666,0.6666666666666666
114,09 Once and For All,seqRecur+,1.0,0.7936185909258573,0.8849357326478147,1.0,0.7936185909258573,0.8849357326478147,0.3333333333333333,0.6666666666666666,0.4444444444444444
115,10 Getting Over,seqRecur+,0.8943407585791682,0.9310560952679405,0.9123291877782889,0.8943407585791682,0.9310560952679405,0.9123291877782889,1.0,1.0,1.0
116,14 Be with me Now,seqRecur+,0.9277849740932641,0.3334497206703912,0.4905821917808221,0.9277849740932641,0.8059071729957809,0.8625620954388079,1.0,0.3333333333333333,0.5
117,14 雲,seqRecur+,0.8598685058656697,0.8507653061224488,0.8552926844906069,0.8598685058656697,0.8507653061224488,0.8552926844906069,0.75,1.0,0.8571428571428571
118,08 I've got a mail,seqRecur+,0.6624707662677123,0.8301154973280468,0.7368783473603672,0.6624707662677123,0.8301154973280468,0.7368783473603672,0.3333333333333333,0.6666666666666666,0.4444444444444444
119,04 Spice of Life,seqRecur+,0.6974622184203022,0.5476936856247202,0.6135708014549104,0.6974622184203022,0.5476936856247202,0.6135708014549104,0.0,0.0,0.0
120,07 Don't Lie To Me,seqRecur+,0.8269089381367505,0.9637654547680253,0.8901074053137366,0.8269089381367505,0.9637654547680253,0.8901074053137366,1.0,1.0,1.0
121,08 31 BLUES,seqRecur+,0.7775506411447691,0.8013790461597396,0.7892850405583854,0.7775506411447691,0.8013790461597396,0.7892850405583854,0.0,0.0,0.0
122,08 promise,seqRecur+,0.8685253118121788,0.940419447092469,0.9030437104279502,0.8685253118121788,0.940419447092469,0.9030437104279502,0.6666666666666666,0.6666666666666666,0.6666666666666666
123,05 Feeling In My Heart,seqRecur+,0.9859011223448658,0.9042109740535941,0.9432907348242809,0.9859011223448658,0.9042109740535941,0.9432907348242809,1.0,1.0,1.0
124,10 シルバーシューズ,seqRecur+,1.0,0.8432890855457226,0.9149829965993198,1.0,0.8432890855457226,0.9149829965993198,0.6666666666666666,1.0,0.8
125,12 Fly away,seqRecur+,0.7218747246938594,0.9055144214830367,0.8033333333333331,0.7218747246938594,0.9055144214830367,0.8033333333333331,0.5714285714285714,1.0,0.7272727272727273
126,02 I'll be there for you,seqRecur+,0.8806764797995614,0.9373333333333332,0.9081220733085741,0.8806764797995614,0.9373333333333332,0.9081220733085741,0.0,0.0,0.0
127,03 COOL Motion,seqRecur+,0.6516676879978989,0.8398961976757308,0.7339051562654046,0.6516676879978989,0.8398961976757308,0.7339051562654046,0.8,1.0,0.888888888888889
128,16 what could I do for you,seqRecur+,1.0,0.7989267676767678,0.888226004562204,1.0,0.7989267676767678,0.888226004562204,1.0,1.0,1.0
129,06 遥かな想い,seqRecur+,1.0,0.9407698851552533,0.9694811243219551,1.0,0.9407698851552533,0.9694811243219551,1.0,1.0,1.0
130,09 Stay with me,seqRecur+,0.642247267759563,0.8907045589105981,0.7463412214119166,0.642247267759563,0.8907045589105981,0.7463412214119166,0.3333333333333333,0.6666666666666666,0.4444444444444444
131,03 淫らな神の申し子,seqRecur+,0.8347025961222476,1.0,0.9099050689593408,0.8347025961222476,1.0,0.9099050689593408,0.3333333333333333,0.3333333333333333,0.3333333333333333
132,03 Doing That Thing,seqRecur+,0.9272770063544364,0.9572400388726928,0.9420203227734613,0.9272770063544364,0.9572400388726928,0.9420203227734613,1.0,1.0,1.0
133,10 きみの色,seqRecur+,0.8819375282933456,0.9599881738444862,0.9193091732729335,0.8819375282933456,0.9599881738444862,0.9193091732729335,0.4,0.4,0.4000000000000001
134,08 it's all right,seqRecur+,1.0,0.6568026408865835,0.7928556180175053,1.0,0.6568026408865835,0.7928556180175053,0.25,0.25,0.25
135,14 線路はつづくよ,seqRecur+,0.9748181309457192,0.720927024417161,0.8288659793814434,0.9748181309457192,0.720927024417161,0.8288659793814434,0.6666666666666666,0.6666666666666666,0.6666666666666666
136,07 SPUL,seqRecur+,0.9410108765195137,0.6830129098170337,0.7915186739855775,0.9410108765195137,0.6830129098170337,0.7915186739855775,0.75,1.0,0.8571428571428571
137,04 春がくるから,seqRecur+,0.8949859299053465,0.9832771219786397,0.9370563814115441,0.8949859299053465,0.9832771219786397,0.9370563814115441,1.0,1.0,1.0
138,09 慟哭,seqRecur+,0.9502131132674345,0.955150410209663,0.952675364822476,0.9502131132674345,0.955150410209663,0.952675364822476,1.0,1.0,1.0
139,03 HORO,seqRecur+,0.9226964224088346,0.6653118779031186,0.7731456937683743,0.9226964224088346,0.6653118779031186,0.7731456937683743,0.42857142857142855,1.0,0.6
140,01 世界の見方,seqRecur+,0.998162006039123,0.9476505047987035,0.9722506393861893,0.998162006039123,0.9476505047987035,0.9722506393861893,1.0,1.0,1.0
141,07 I think of you,seqRecur+,0.8983636548429719,0.8665686274509805,0.8821797494884975,0.8983636548429719,0.8665686274509805,0.8821797494884975,0.0,0.0,0.0
142,13 はじまり,seqRecur+,0.8949296097058485,0.9838932930665656,0.9373052025893067,0.8949296097058485,0.9838932930665656,0.9373052025893067,1.0,1.0,1.0
143,15 Power of mind,seqRecur+,0.955667208511896,0.7462497115162706,0.8380742564634226,0.955667208511896,0.7462497115162706,0.8380742564634226,0.0,0.0,0.0
144,10 青空散歩道,seqRecur+,1.0,0.7932949403537637,0.8847344878999884,1.0,0.7932949403537637,0.8847344878999884,1.0,1.0,1.0
145,02 Magic in your eyes,seqRecur+,0.7539999999999992,0.5236111111111109,0.6180327868852455,0.7539999999999992,0.5236111111111109,0.6180327868852455,0.0,0.0,0.0
146,01 たなばた,seqRecur+,0.8452129266082754,0.5495336278841434,0.6660320104718273,0.8452129266082754,0.5495336278841434,0.6660320104718273,0.2,0.25,0.22222222222222224
147,13 FOR YOU,seqRecur+,0.7709517045454544,0.6805642633228842,0.722943722943723,0.6788589015151515,0.59926854754441,0.6365856365856367,0.5,0.75,0.6
148,11 stay,seqRecur+,0.8827249728948322,0.9615195354787915,0.9204390220924209,0.8827249728948322,0.9615195354787915,0.9204390220924209,0.0,0.0,0.0
149,01 永遠のレプリカ,seqRecur+,0.9094149094149098,0.9567255116388066,0.9324704986676821,0.9094149094149098,0.9567255116388066,0.9324704986676821,1.0,1.0,1.0
150,11 センチメートルの孤独,seqRecur+,0.8233532934131734,0.9729691480328333,0.8919304618578099,0.8233532934131734,0.9729691480328333,0.8919304618578099,1.0,1.0,1.0
151,12 曇り空,seqRecur+,0.8819156293222681,0.9522120589882397,0.9157167220177721,0.8819156293222681,0.9522120589882397,0.9157167220177721,0.6666666666666666,1.0,0.8
152,03 時計のはやさは,seqRecur+,0.9673832468495183,0.4785478547854785,0.640333660451423,0.9673832468495183,0.4785478547854785,0.640333660451423,0.0,0.0,0.0
153,03 戻らない夏,seqRecur+,0.96288946219488,0.8762076749435664,0.9175057911407364,0.96288946219488,0.8762076749435664,0.9175057911407364,1.0,1.0,1.0
154,12 REALな５分,seqRecur+,0.8841068917018284,0.7060541390542514,0.7851120964216575,0.8841068917018284,0.7060541390542514,0.7851120964216575,0.16666666666666666,0.3333333333333333,0.2222222222222222
155,01 あなたと逢えて,seqRecur+,0.7429325292122126,0.7526731160896133,0.7477711033828645,0.7429325292122126,0.7526731160896133,0.7477711033828645,1.0,1.0,1.0
156,13 One Two STEP,seqRecur+,1.0,0.788943391223651,0.8820216392470727,1.0,0.788943391223651,0.8820216392470727,0.5,0.5,0.5
157,05 Waiting for the moment,seqRecur+,1.0,0.9186659860473027,0.9576090812344801,1.0,0.9186659860473027,0.9576090812344801,1.0,1.0,1.0
158,05 明日は,seqRecur+,0.8376459261042243,0.8320382546323969,0.8348326736236056,0.8376459261042243,0.8320382546323969,0.8348326736236056,0.5,1.0,0.6666666666666666
159,02 もうすぐ夏がくる,seqRecur+,1.0,0.6782109637838908,0.808254716981132,1.0,0.9042216358839049,0.9497020922821117,0.6666666666666666,0.5,0.5714285714285715
160,08 Woman Like You,seqRecurS,0.9586388970372545,0.37144805637644923,0.5354304907020563,0.9586388970372545,0.9472463768115944,0.9529085872576178,1.0,0.3333333333333333,0.5
161,05 レプリカ,seqRecurS,1.0,0.3595828838547286,0.5289605924358636,1.0,0.7192519779429397,0.8367033886487242,0.0,0.0,0.0
162,06 Angel Baby,seqRecurS,0.7439999999999998,0.23249999999999993,0.35428571428571415,0.7439999999999998,0.9299999999999997,0.8266666666666663,0.0,0.0,0.0
163,15 出会えたから,seqRecurS,0.6809999999999993,0.33338772845952974,0.44763365468886895,0.6809999999999993,1.0,0.8102320047590715,1.0,0.3333333333333333,0.5
164,11 遠い街へ,seqRecurS,1.0,0.4091653027823242,0.580720092915215,1.0,0.8183306055646484,0.9000900090009003,1.0,0.5,0.6666666666666666
165,13 キャッチボール,seqRecurS,1.0,0.2814258911819887,0.4392386530014641,1.0,0.6059381943041807,0.7546220601182239,1.0,0.3333333333333333,0.5
166,05 恋のVer.2.4,seqRecurS,1.0,0.2721829069134458,0.4278990158322636,1.0,0.9121313469139556,0.9540467482906663,1.0,0.25,0.4
167,06 見上げた空は,seqRecurS,0.5421526157947346,0.1959060806742924,0.2878117813550325,0.5421526157947346,0.8818428184281838,0.6714816343375976,0.0,0.0,0.0
168,09 Non Stop Driving,seqRecurS,0.8000000000000003,0.5000000000000001,0.6153846153846156,0.8000000000000003,1.0,0.8888888888888891,1.0,0.5,0.6666666666666666
169,07 月のように,seqRecurS,0.8917425227568271,0.2,0.3267226490381752,0.8917425227568271,1.0,0.9427736724523115,1.0,0.25,0.4
170,07 PROLOGUE,seqRecurS,0.8780000000000001,0.2732932143598256,0.416838107295458,0.8780000000000001,0.8117103235747304,0.8435548438751002,0.0,0.0,0.0
171,05 Feel,seqRecurS,0.5853333333333334,0.3333333333333333,0.424770198355104,0.5853333333333334,1.0,0.7384356602186712,1.0,0.3333333333333333,0.5
172,12 誓い,seqRecurS,0.8954268292682925,0.3005833589192509,0.45008045360508775,0.8356707317073166,0.6396732788798133,0.7246530072703237,0.0,0.0,0.0
173,07 First Love,seqRecurS,1.0,0.373785198106155,0.5441683294032287,1.0,0.9027986758952756,0.948916653487269,0.0,0.0,0.0
174,15 Moving Round and Round,seqRecurS,0.9810000000000002,0.6589789520824008,0.7883739619608897,0.9810000000000002,0.9885791064830375,0.9847749707210981,1.0,0.5,0.6666666666666666
175,04 ときめきの瞬間,seqRecurS,0.7529948659440957,0.3025094534204193,0.43161939017411904,0.7529948659440957,0.9075283602612582,0.8230709275136399,0.0,0.0,0.0
176,01 How Deep Is Your Love-,seqRecurS,0.9979999999999999,0.3955608402695204,0.5665625887028101,0.9979999999999999,0.9356249999999999,0.9658064516129032,1.0,0.3333333333333333,0.5
177,13 愛してる,seqRecurS,0.9420496717099632,0.3401711163797547,0.4998485307482582,0.9420496717099632,1.0,0.9701602234308395,1.0,0.3333333333333333,0.5
178,02 ミセスマリル,seqRecurS,0.5434356629653825,0.28222523744911826,0.3715114981022552,0.48138471587197934,1.0,0.6499118165784835,0.0,0.0,0.0
179,04 Life,seqRecurS,1.0,0.3978252221190823,0.5692059576890237,1.0,0.5998800239952007,0.7499062617172851,1.0,0.5,0.6666666666666666
180,10 Don't Say Good bye,seqRecurS,0.963333333333333,0.3041464954746369,0.4623260278355462,0.963333333333333,0.9119596087093719,0.9369427784081696,1.0,0.3333333333333333,0.5
181,15 Together,seqRecurS,1.0,0.4894762604013704,0.6572461386789351,1.0,0.7302823758519958,0.84411930219471,1.0,0.5,0.6666666666666666
182,06 1999,seqRecurS,1.0,0.2975895248487253,0.45868052901154344,1.0,0.4396892862377254,0.6108113610913163,1.0,0.3333333333333333,0.5
183,06 Weekend,seqRecurS,0.949666666666667,0.31655555555555565,0.4748333333333335,0.949666666666667,0.949666666666667,0.949666666666667,1.0,0.3333333333333333,0.5
184,11 天使のうたたね,seqRecurS,0.8253333333333335,0.3216280580212168,0.462875837357844,0.8253333333333335,0.7347181008902078,0.7773940345368919,0.0,0.0,0.0
185,01 Change Of Heart,seqRecurS,1.0,0.2541080806369643,0.405241118465487,1.0,0.673854447439353,0.8051529790660223,1.0,0.3333333333333333,0.5
186,09 Miss Maria,seqRecurS,0.6662220740246751,0.5082676163825998,0.5766233766233767,0.43347782594198075,1.0,0.6047918120493139,0.0,0.0,0.0
187,16 Game of Love,seqRecurS,0.4903333333333336,0.31411488362161016,0.38292333723805816,0.4903333333333336,0.9423446508648317,0.6450339837754885,1.0,0.3333333333333333,0.5
188,16 So Long,seqRecurS,1.0,0.25641025641025633,0.40816326530612235,1.0,0.7692307692307693,0.8695652173913044,1.0,0.3333333333333333,0.5
189,02 True Heart,seqRecurS,1.0,0.30082644628099175,0.4625158831003812,1.0,0.4512177337027855,0.6218470505476837,0.0,0.0,0.0
190,08 人生こんなもの,seqRecurS,0.8810398417632097,0.34017019419594147,0.4908303817394725,0.8810398417632097,1.0,0.9367582995343247,1.0,0.3333333333333333,0.5
191,16 小動物,seqRecurS,0.6836666666666673,0.3100529100529103,0.42662506500260045,0.6836666666666673,0.9197309417040362,0.7843212237093695,1.0,0.3333333333333333,0.5
192,11 言えない,seqRecurS,0.9113333333333334,0.31071712694624387,0.4634291041613695,0.9113333333333334,0.6407311928755565,0.7524425485069491,1.0,0.3333333333333333,0.5
193,02 Once in a life time,seqRecurS,0.9543533389687234,0.3044768069039914,0.46166428133306076,0.9543533389687234,0.7635256988277727,0.8483406386975578,1.0,0.3333333333333333,0.5
194,09 Once and For All,seqRecurS,1.0,0.27665068240501656,0.43340075122796873,1.0,0.8294166436273157,0.9067553271875475,0.0,0.0,0.0
195,10 Getting Over,seqRecurS,0.5306666666666674,0.4989031651519905,0.5142949442739466,0.5306666666666674,1.0,0.6933797909407672,1.0,0.5,0.6666666666666666
196,14 Be with me Now,seqRecurS,0.9256666666666665,0.323207635009311,0.47912353347135955,0.9256666666666665,0.7811533052039381,0.8472921434019831,1.0,0.3333333333333333,0.5
197,14 雲,seqRecurS,0.7603333333333334,0.2909438775510204,0.42084870848708494,0.7603333333333334,0.8910156250000003,0.8205035971223024,1.0,0.3333333333333333,0.5
198,08 I've got a mail,seqRecurS,0.9020000000000001,0.2332356490260301,0.37063415970415026,0.9020000000000001,0.6994055311449989,0.787887611005969,1.0,0.3333333333333333,0.5
199,04 Spice of Life,seqRecurS,0.7443333333333333,0.5000000000000001,0.5981784087864987,0.7443333333333333,1.0,0.8534301547869291,0.0,0.0,0.0
200,07 Don't Lie To Me,seqRecurS,0.6451816745655607,0.24996939649895947,0.36033174519145933,0.6451816745655607,1.0,0.7843287881697714,1.0,0.3333333333333333,0.5
201,08 31 BLUES,seqRecurS,0.5103006681514474,0.3510821681670175,0.41597639850221235,0.5103006681514474,1.0,0.6757603686635941,0.0,0.0,0.0
202,08 promise,seqRecurS,0.9423333333333327,0.4491579281855734,0.6083494727781361,0.9423333333333327,0.8980304955527316,0.9196486662329209,0.0,0.0,0.0
203,05 Feeling In My Heart,seqRecurS,0.973,0.24831986388770735,0.39566248729244324,0.973,0.7450229709035223,0.8438855160450996,1.0,0.3333333333333333,0.5
204,10 シルバーシューズ,seqRecurS,1.0,0.3855703048180924,0.5565510511842454,1.0,0.4819480719004456,0.6504250466514617,1.0,0.5,0.6666666666666666
205,12 Fly away,seqRecurS,0.9840000000000003,0.3262238921427783,0.4899991700556064,0.9840000000000003,0.825272574783338,0.8976737114185801,1.0,0.25,0.4
206,02 I'll be there for you,seqRecurS,0.874,0.437,0.5826666666666667,0.874,0.874,0.874,0.0,0.0,0.0
207,03 COOL Motion,seqRecurS,0.0,0.0,0.0,0.0,0.0,0.0,0.0,0.0,0.0
208,16 what could I do for you,seqRecurS,0.9893333333333335,0.31228956228956234,0.4747280870121562,0.9893333333333335,0.9368686868686869,0.9623865110246433,1.0,0.3333333333333333,0.5
209,06 遥かな想い,seqRecurS,1.0,0.31901318587834965,0.48371493066752663,1.0,0.4811547714514836,0.6497022198159177,1.0,0.5,0.6666666666666666
210,09 Stay with me,seqRecurS,0.7892229830306644,0.31391355831853196,0.44916977295831967,0.7892229830306644,0.6581429990069518,0.7177473940706653,0.0,0.0,0.0
211,03 淫らな神の申し子,seqRecurS,0.5302223614155963,0.33326771653543297,0.40928321044361154,0.5302223614155963,1.0,0.6930004093327873,0.0,0.0,0.0
212,03 Doing That Thing,seqRecurS,0.4573333333333334,0.3333333333333333,0.3856098931984261,0.4573333333333334,1.0,0.6276303751143643,1.0,0.3333333333333333,0.5
213,10 きみの色,seqRecurS,0.6806666666666668,0.20124174632896422,0.31064121092264396,0.6806666666666668,1.0,0.8099960333201112,0.0,0.0,0.0
214,08 it's all right,seqRecurS,0.6863333333333335,0.24274935156802638,0.35864831910816936,0.6863333333333335,0.7691445648113558,0.7253831248899065,0.0,0.0,0.0
215,14 線路はつづくよ,seqRecurS,0.746,0.30873223892950763,0.43672553419845844,0.746,0.9642395519172772,0.8411952640481113,1.0,0.3333333333333333,0.5
216,07 SPUL,seqRecurS,1.0,0.27862914460852606,0.4358247984310307,1.0,0.7765984985762362,0.8742532420224393,1.0,0.3333333333333333,0.5
217,04 春がくるから,seqRecurS,0.8233410942956925,0.39755480607082616,0.53620166793025,0.8233410942956925,1.0,0.9031125299281723,1.0,0.3333333333333333,0.5
218,09 慟哭,seqRecurS,1.0,0.2734731084776664,0.4294917680744453,1.0,0.5469462169553327,0.7071302298173247,1.0,0.3333333333333333,0.5
219,03 HORO,seqRecurS,1.0,0.24883875248838752,0.3985122210414453,1.0,0.43547684714762674,0.606734755789261,0.0,0.0,0.0
220,01 世界の見方,seqRecurS,1.0,0.37392496572354483,0.544316429284224,1.0,0.7585335018963335,0.8626887131560027,1.0,0.3333333333333333,0.5
221,07 I think of you,seqRecurS,1.0,0.2961764705882354,0.45700022691173137,1.0,0.8885294117647061,0.940974926023984,0.0,0.0,0.0
222,13 はじまり,seqRecurS,0.8773333333333331,0.3311941613187365,0.4808623367132546,0.8773333333333331,0.9935824839562093,0.9318463444857493,1.0,0.3333333333333333,0.5
223,15 Power of mind,seqRecurS,0.6479999999999999,0.22432494807292871,0.3332761872106978,0.6479999999999999,0.7038377986965965,0.674765706351961,0.0,0.0,0.0
224,10 青空散歩道,seqRecurS,0.7920000000000001,0.4886877828054298,0.6044263546171458,0.7920000000000001,0.9777777777777781,0.8751381215469617,1.0,0.5,0.6666666666666666
225,02 Magic in your eyes,seqRecurS,0.25333333333333313,0.26388888888888884,0.25850340136054406,0.25333333333333313,0.5277777777777771,0.34234234234234207,0.0,0.0,0.0
226,01 たなばた,seqRecurS,0.8683333333333327,0.2557682866961216,0.39514599924156213,0.8683333333333327,1.0,0.9295272078501334,1.0,0.25,0.4
227,13 FOR YOU,seqRecurS,0.9319006419201787,0.34890282131661454,0.5077168706758916,0.9319006419201787,0.7014705882352945,0.800431499460626,1.0,0.25,0.4
228,11 stay,seqRecurS,0.8835274542429284,0.2612931798051372,0.4033115600789912,0.8835274542429284,0.7838795394154117,0.83072590738423,0.0,0.0,0.0
229,01 永遠のレプリカ,seqRecurS,0.8446666666666668,0.3958756444305577,0.5390915860014893,0.8446666666666668,1.0,0.9157932779183231,1.0,0.25,0.4
230,11 センチメートルの孤独,seqRecurS,0.7213333333333334,0.3062553071044438,0.42996224915557324,0.7213333333333334,0.9188959660297239,0.8082166199813259,1.0,0.3333333333333333,0.5
231,12 曇り空,seqRecurS,0.8929999999999997,0.5000933358222885,0.6411391647720474,0.8929999999999997,1.0,0.9434759640781826,1.0,0.5,0.6666666666666666
232,03 時計のはやさは,seqRecurS,0.5469999999999999,0.30088008800880084,0.3882185947480482,0.5469999999999999,0.5013748854262146,0.523194643711143,0.0,0.0,0.0
233,03 戻らない夏,seqRecurS,0.9569999999999997,0.2592325056433407,0.407957371225577,0.9569999999999997,0.7776273022751894,0.8580394500896591,1.0,0.3333333333333333,0.5
234,12 REALな５分,seqRecurS,0.897666666666667,0.30248230933393244,0.45249096866336225,0.897666666666667,0.9276610403031349,0.9124174148737931,0.0,0.0,0.0
235,01 あなたと逢えて,seqRecurS,0.6311166875784193,0.2561099796334014,0.36436073886273107,0.6311166875784193,0.9853085210577873,0.7694072657743791,1.0,0.3333333333333333,0.5
236,13 One Two STEP,seqRecurS,1.0,0.3978523134031552,0.5692336874051592,1.0,0.7958101299390081,0.88629651506202,0.0,0.0,0.0
237,05 Waiting for the moment,seqRecurS,0.5469435507458318,0.31818955249276815,0.4023235800344231,0.5469435507458318,0.9545686574783045,0.6954258088508736,1.0,0.3333333333333333,0.5
238,05 明日は,seqRecurS,0.4773762526571514,0.187925881649731,0.26968605249613997,0.4773762526571514,0.27887174028738687,0.3520716685330347,0.0,0.0,0.0
239,02 もうすぐ夏がくる,seqRecurS,0.9114173228346455,0.32070057391648527,0.47445469184599615,0.7078177727784031,0.9956487341772158,0.8274161735700202,1.0,0.25,0.4
